{"sources":[{"type":"single","resource":"nexo:a737f17c-1ad6-4d1b-80c8-536fa30d062c"},{"type":"single","resource":"nexo:95587677-b4e6-431f-a633-9793634e32af"},{"type":"single","resource":"nexo:52340c42-f722-4911-87ed-807e97e4a1df"},{"type":"single","resource":"nexo:a2f29243-4512-4516-afc2-e2c1f74dee05"},{"type":"single","resource":"nexo:1490bb29-835f-430d-ad9e-99fbd52d66b2"},{"type":"single","resource":"nexo:e7368506-07d8-450e-82cc-46fc48536159"},{"type":"single","resource":"nexo:e7368506-07d8-450e-82cc-46fc48536159"},{"type":"single","resource":"nexo:bf6f7162-078d-4ee6-8b88-a04614815e18"},{"type":"single","resource":"nexo:9b074fc3-48d0-46c4-963d-2573680156ed"},{"type":"single","resource":"nexo:12625aec-0612-4fc7-a596-a75c052f16b9"},{"type":"single","resource":"nexo:7edb8841-84fc-4dc4-bc22-fa1a18446d3f"},{"type":"single","resource":"nexo:7edb8841-84fc-4dc4-bc22-fa1a18446d3f"},{"type":"single","resource":"nexo:a6fc3227-14b8-420c-8f4e-09b506859fab"},{"type":"single","resource":"nexo:a6fc3227-14b8-420c-8f4e-09b506859fab"},{"type":"single","resource":"nexo:79cb01e5-43d3-473f-9ae6-fc0eb33840e9"},{"type":"single","resource":"nexo:79cb01e5-43d3-473f-9ae6-fc0eb33840e9"},{"type":"single","resource":"nexo:ac014db0-bab9-4553-bd06-b6744ddb44c1"},{"type":"single","resource":"nexo:a6696192-1985-47ab-898f-379c3985ff16"},{"type":"single","resource":"nexo:40f2307d-4ebe-4c7f-a22f-c7f20622cbee"},{"type":"single","resource":"nexo:40f2307d-4ebe-4c7f-a22f-c7f20622cbee"},{"type":"single","resource":"nexo:b5c9603f-eb6b-4318-bdf4-a77579ba0063"},{"type":"single","resource":"nexo:729706b0-ea33-437e-b787-430c43ff416d"},{"type":"single","resource":"0257ae04-6b85-46d5-8c1a-6dea366ae61c"},{"type":"single","resource":"d60c6597-494c-4c4b-812f-f1496646f4c1"},{"type":"single","resource":"0257ae04-6b85-46d5-8c1a-6dea366ae61c"},{"type":"single","resource":"0257ae04-6b85-46d5-8c1a-6dea366ae61c"},{"type":"single","resource":"d60c6597-494c-4c4b-812f-f1496646f4c1"},{"type":"single","resource":"0257ae04-6b85-46d5-8c1a-6dea366ae61c"},{"type":"single","resource":"0257ae04-6b85-46d5-8c1a-6dea366ae61c"},{"type":"single","resource":"d60c6597-494c-4c4b-812f-f1496646f4c1"},{"type":"single","resource":"0257ae04-6b85-46d5-8c1a-6dea366ae61c"},{"type":"single","resource":"0257ae04-6b85-46d5-8c1a-6dea366ae61c"},{"type":"single","resource":"d60c6597-494c-4c4b-812f-f1496646f4c1"},{"type":"single","resource":"0257ae04-6b85-46d5-8c1a-6dea366ae61c"},{"type":"single","resource":"0257ae04-6b85-46d5-8c1a-6dea366ae61c"},{"type":"single","resource":"d60c6597-494c-4c4b-812f-f1496646f4c1"},{"type":"single","resource":"0257ae04-6b85-46d5-8c1a-6dea366ae61c"},{"type":"single","resource":"0257ae04-6b85-46d5-8c1a-6dea366ae61c"},{"type":"single","resource":"d60c6597-494c-4c4b-812f-f1496646f4c1"},{"type":"single","resource":"0257ae04-6b85-46d5-8c1a-6dea366ae61c"},{"type":"single","resource":"0257ae04-6b85-46d5-8c1a-6dea366ae61c"},{"type":"single","resource":"d60c6597-494c-4c4b-812f-f1496646f4c1"},{"type":"single","resource":"0257ae04-6b85-46d5-8c1a-6dea366ae61c"},{"type":"single","resource":"0257ae04-6b85-46d5-8c1a-6dea366ae61c"},{"type":"single","resource":"d60c6597-494c-4c4b-812f-f1496646f4c1"},{"type":"single","resource":"0257ae04-6b85-46d5-8c1a-6dea366ae61c"},{"type":"single","resource":"0257ae04-6b85-46d5-8c1a-6dea366ae61c"},{"type":"single","resource":"d60c6597-494c-4c4b-812f-f1496646f4c1"},{"type":"single","resource":"0257ae04-6b85-46d5-8c1a-6dea366ae61c"},{"type":"single","resource":"0257ae04-6b85-46d5-8c1a-6dea366ae61c"},{"type":"single","resource":"d60c6597-494c-4c4b-812f-f1496646f4c1"},{"type":"single","resource":"0257ae04-6b85-46d5-8c1a-6dea366ae61c"},{"type":"single","resource":"0257ae04-6b85-46d5-8c1a-6dea366ae61c"},{"type":"single","resource":"d60c6597-494c-4c4b-812f-f1496646f4c1"},{"type":"single","resource":"0257ae04-6b85-46d5-8c1a-6dea366ae61c"},{"type":"single","resource":"0257ae04-6b85-46d5-8c1a-6dea366ae61c"},{"type":"single","resource":"d60c6597-494c-4c4b-812f-f1496646f4c1"},{"type":"single","resource":"0257ae04-6b85-46d5-8c1a-6dea366ae61c"},{"type":"single","resource":"0257ae04-6b85-46d5-8c1a-6dea366ae61c"},{"type":"single","resource":"d60c6597-494c-4c4b-812f-f1496646f4c1"},{"type":"single","resource":"0257ae04-6b85-46d5-8c1a-6dea366ae61c"},{"type":"single","resource":"0257ae04-6b85-46d5-8c1a-6dea366ae61c"},{"type":"single","resource":"d60c6597-494c-4c4b-812f-f1496646f4c1"},{"type":"single","resource":"0257ae04-6b85-46d5-8c1a-6dea366ae61c"},{"type":"single","resource":"0257ae04-6b85-46d5-8c1a-6dea366ae61c"},{"type":"single","resource":"d60c6597-494c-4c4b-812f-f1496646f4c1"},{"type":"single","resource":"0257ae04-6b85-46d5-8c1a-6dea366ae61c"},{"type":"single","resource":"0257ae04-6b85-46d5-8c1a-6dea366ae61c"},{"type":"single","resource":"d60c6597-494c-4c4b-812f-f1496646f4c1"},{"type":"single","resource":"0257ae04-6b85-46d5-8c1a-6dea366ae61c"},{"type":"single","resource":"0257ae04-6b85-46d5-8c1a-6dea366ae61c"},{"type":"single","resource":"d60c6597-494c-4c4b-812f-f1496646f4c1"},{"type":"single","resource":"0257ae04-6b85-46d5-8c1a-6dea366ae61c"},{"type":"single","resource":"0257ae04-6b85-46d5-8c1a-6dea366ae61c"},{"type":"single","resource":"d60c6597-494c-4c4b-812f-f1496646f4c1"},{"type":"single","resource":"0257ae04-6b85-46d5-8c1a-6dea366ae61c"},{"type":"single","resource":"0257ae04-6b85-46d5-8c1a-6dea366ae61c"},{"type":"single","resource":"d60c6597-494c-4c4b-812f-f1496646f4c1"},{"type":"single","resource":"0257ae04-6b85-46d5-8c1a-6dea366ae61c"},{"type":"single","resource":"0257ae04-6b85-46d5-8c1a-6dea366ae61c"},{"type":"single","resource":"d60c6597-494c-4c4b-812f-f1496646f4c1"},{"type":"single","resource":"0257ae04-6b85-46d5-8c1a-6dea366ae61c"},{"type":"single","resource":"0257ae04-6b85-46d5-8c1a-6dea366ae61c"},{"type":"single","resource":"d60c6597-494c-4c4b-812f-f1496646f4c1"},{"type":"single","resource":"0257ae04-6b85-46d5-8c1a-6dea366ae61c"},{"type":"single","resource":"0257ae04-6b85-46d5-8c1a-6dea366ae61c"},{"type":"single","resource":"d60c6597-494c-4c4b-812f-f1496646f4c1"},{"type":"single","resource":"0257ae04-6b85-46d5-8c1a-6dea366ae61c"},{"type":"single","resource":"0257ae04-6b85-46d5-8c1a-6dea366ae61c"},{"type":"single","resource":"d60c6597-494c-4c4b-812f-f1496646f4c1"},{"type":"single","resource":"0257ae04-6b85-46d5-8c1a-6dea366ae61c"},{"type":"single","resource":"0257ae04-6b85-46d5-8c1a-6dea366ae61c"},{"type":"single","resource":"d60c6597-494c-4c4b-812f-f1496646f4c1"},{"type":"single","resource":"0257ae04-6b85-46d5-8c1a-6dea366ae61c"},{"type":"single","resource":"0257ae04-6b85-46d5-8c1a-6dea366ae61c"},{"type":"single","resource":"d60c6597-494c-4c4b-812f-f1496646f4c1"},{"type":"single","resource":"0257ae04-6b85-46d5-8c1a-6dea366ae61c"},{"type":"single","resource":"0257ae04-6b85-46d5-8c1a-6dea366ae61c"},{"type":"single","resource":"d60c6597-494c-4c4b-812f-f1496646f4c1"},{"type":"single","resource":"0257ae04-6b85-46d5-8c1a-6dea366ae61c"},{"type":"single","resource":"0257ae04-6b85-46d5-8c1a-6dea366ae61c"},{"type":"single","resource":"d60c6597-494c-4c4b-812f-f1496646f4c1"},{"type":"single","resource":"0257ae04-6b85-46d5-8c1a-6dea366ae61c"},{"type":"single","resource":"0257ae04-6b85-46d5-8c1a-6dea366ae61c"},{"type":"single","resource":"d60c6597-494c-4c4b-812f-f1496646f4c1"},{"type":"single","resource":"0257ae04-6b85-46d5-8c1a-6dea366ae61c"},{"type":"single","resource":"0257ae04-6b85-46d5-8c1a-6dea366ae61c"},{"type":"single","resource":"d60c6597-494c-4c4b-812f-f1496646f4c1"},{"type":"single","resource":"0257ae04-6b85-46d5-8c1a-6dea366ae61c"},{"type":"single","resource":"0257ae04-6b85-46d5-8c1a-6dea366ae61c"},{"type":"single","resource":"d60c6597-494c-4c4b-812f-f1496646f4c1"},{"type":"single","resource":"0257ae04-6b85-46d5-8c1a-6dea366ae61c"},{"type":"single","resource":"item/iron_axe"},{"type":"single","resource":"item/fishing_rod"},{"type":"single","resource":"item/paper"},{"type":"single","resource":"item/bow"},{"type":"single","resource":"item/iron_hoe"},{"type":"single","resource":"item/leather_boots"},{"type":"single","resource":"item/leather_boots_overlay"},{"type":"single","resource":"item/chainmail_chestplate"},{"type":"single","resource":"item/netherite_sword"},{"type":"single","resource":"item/leather_horse_armor"},{"type":"single","resource":"item/iron_shovel"},{"type":"single","resource":"item/chainmail_helmet"},{"type":"single","resource":"item/iron_sword"},{"type":"single","resource":"item/leather_chestplate"},{"type":"single","resource":"item/leather_chestplate_overlay"},{"type":"single","resource":"block/dark_oak_planks"},{"type":"single","resource":"item/netherite_shovel"},{"type":"single","resource":"item/netherite_axe"},{"type":"single","resource":"item/chainmail_leggings"},{"type":"single","resource":"item/chainmail_boots"},{"type":"single","resource":"item/crossbow_standby"},{"type":"single","resource":"item/leather_leggings"},{"type":"single","resource":"item/leather_leggings_overlay"},{"type":"single","resource":"item/iron_pickaxe"},{"type":"single","resource":"item/netherite_hoe"},{"type":"single","resource":"item/netherite_pickaxe"},{"type":"single","resource":"nexo:99d9f07b-526f-4a94-90d3-3c5a823aeaa6"},{"type":"single","resource":"nexo:b03a8c65-51bf-4895-9f3a-45cedf7f5d40"},{"type":"single","resource":"nexo:ddc33155-a213-4db4-b0cb-5d2e5c78e83c"},{"type":"single","resource":"c75cc119-6f6d-4f9e-89de-82898efd5a78"},{"type":"single","resource":"c7588036-bf27-4f74-baa1-540cbb937501"},{"type":"single","resource":"9ca09538-7377-4cd9-b592-dc020caf3798"},{"type":"single","resource":"553e4c8e-d8e9-44b2-b10f-531fd2b3582c"},{"type":"single","resource":"553e4c8e-d8e9-44b2-b10f-531fd2b3582c"},{"type":"single","resource":"8c4a3c6a-ae95-4e13-b482-580d2089e880"},{"type":"single","resource":"8c4a3c6a-ae95-4e13-b482-580d2089e880"},{"type":"single","resource":"54045b15-1965-4a91-82f4-54a9848db8db"},{"type":"single","resource":"54045b15-1965-4a91-82f4-54a9848db8db"}]}