{"providers":[{"type":"bitmap","file":"25c662db-df61-4eb1-936e-b49ed9d8320f.png","height":164,"ascent":40,"chars":["ꐞ"]},{"type":"bitmap","file":"1f22c6a2-25a3-492c-b774-622ab6d6fcc9.png","height":256,"ascent":37,"chars":["ꐝ"]},{"type":"bitmap","file":"6eab2e5e-5e76-4129-b56d-acd8335fb1d8.png","height":10,"ascent":9,"chars":["ꐔ"]},{"type":"bitmap","file":"8d60afde-85a4-445d-a6e1-9b5b7cf50db8.png","height":164,"ascent":40,"chars":["ꐛ"]},{"type":"bitmap","file":"6eab2e5e-5e76-4129-b56d-acd8335fb1d8.png","height":10,"ascent":9,"chars":["ꐕ"]},{"type":"bitmap","file":"6eab2e5e-5e76-4129-b56d-acd8335fb1d8.png","height":10,"ascent":9,"chars":["ꐗ"]},{"type":"bitmap","file":"6eab2e5e-5e76-4129-b56d-acd8335fb1d8.png","height":10,"ascent":9,"chars":["ꐐ"]},{"type":"bitmap","file":"6eab2e5e-5e76-4129-b56d-acd8335fb1d8.png","height":10,"ascent":9,"chars":["ꐒ"]},{"type":"bitmap","file":"88cb9959-c546-408c-be8a-8943088dd9b6.png","height":236,"ascent":-10,"chars":["ꐚ"]},{"type":"bitmap","file":"6eab2e5e-5e76-4129-b56d-acd8335fb1d8.png","height":10,"ascent":9,"chars":["ꐑ"]},{"type":"bitmap","file":"6eab2e5e-5e76-4129-b56d-acd8335fb1d8.png","ascent":8,"chars":["ꐟ"]},{"type":"bitmap","file":"f627e81f-fc1c-4f20-9330-9d619e2ac347.png","height":36,"ascent":20,"chars":["ꐙ"]},{"type":"bitmap","file":"c50e4bf3-9aed-471a-bd72-9699ca7ef2b2.png","height":256,"ascent":37,"chars":["ꐜ"]},{"type":"bitmap","file":"6eab2e5e-5e76-4129-b56d-acd8335fb1d8.png","ascent":8,"chars":["ꐘ"]},{"type":"bitmap","file":"6eab2e5e-5e76-4129-b56d-acd8335fb1d8.png","height":10,"ascent":9,"chars":["ꐓ"]},{"type":"bitmap","file":"6eab2e5e-5e76-4129-b56d-acd8335fb1d8.png","height":10,"ascent":9,"chars":["ꐖ"]},{"type":"reference","id":"nexo:shift"}]}